country_iso,region,sub_region,groups,country_emoji,country_name,country_url
ABW,east-asia-pacific,southeast-asia,,ğŸ‡¦ğŸ‡¼,Aruba,aruba-capability-ratings
AFG,east-asia-pacific,southeast-asia,,ğŸ‡¦ğŸ‡«,Afghanistan,afghanistan-capability-ratings
AGO,east-asia-pacific,southeast-asia,,ğŸ‡¦ğŸ‡´,Angola,angola-capability-ratings
AIA,east-asia-pacific,southeast-asia,,ğŸ‡¦ğŸ‡®,Anguilla,anguilla-capability-ratings
ALA,east-asia-pacific,southeast-asia,,ğŸ‡¦ğŸ‡½,Ã…land Islands,Ã¥land-islands-capability-ratings
ALB,east-asia-pacific,southeast-asia,,ğŸ‡¦ğŸ‡±,Albania,albania-capability-ratings
AND,east-asia-pacific,southeast-asia,,ğŸ‡¦ğŸ‡©,Andorra,andorra-capability-ratings
ARE,east-asia-pacific,southeast-asia,,ğŸ‡¦ğŸ‡ª,United Arab Emirates,united-arab-emirates-capability-ratings
ARG,east-asia-pacific,southeast-asia,,ğŸ‡¦ğŸ‡·,Argentina,argentina-capability-ratings
ARM,east-asia-pacific,southeast-asia,,ğŸ‡¦ğŸ‡²,Armenia,armenia-capability-ratings
ASM,east-asia-pacific,southeast-asia,,ğŸ‡¦ğŸ‡¸,American Samoa,american-samoa-capability-ratings
ATA,east-asia-pacific,southeast-asia,,ğŸ‡¦ğŸ‡¶,Antarctica,antarctica-capability-ratings
ATF,east-asia-pacific,southeast-asia,,ğŸ‡¹ğŸ‡«,French Southern Territories,french-southern-territories-capability-ratings
ATG,east-asia-pacific,southeast-asia,,ğŸ‡¦ğŸ‡¬,Antigua and Barbuda,antigua-and-barbuda-capability-ratings
AUS,east-asia-pacific,southeast-asia,g20,ğŸ‡¦ğŸ‡º,Australia,australia-capability-ratings
AUT,east-asia-pacific,southeast-asia,,ğŸ‡¦ğŸ‡¹,Austria,austria-capability-ratings
AZE,east-asia-pacific,southeast-asia,,ğŸ‡¦ğŸ‡¿,Azerbaijan,azerbaijan-capability-ratings
BDI,east-asia-pacific,southeast-asia,,ğŸ‡§ğŸ‡®,Burundi,burundi-capability-ratings
BEL,east-asia-pacific,southeast-asia,,ğŸ‡§ğŸ‡ª,Belgium,belgium-capability-ratings
BEN,east-asia-pacific,southeast-asia,,ğŸ‡§ğŸ‡¯,Benin,benin-capability-ratings
BES,east-asia-pacific,southeast-asia,,ğŸ‡§ğŸ‡¶,"Bonaire, Sint Eustatius and Saba",bonaire-sint-eustatius-and-saba-capability-ratings
BFA,east-asia-pacific,southeast-asia,,ğŸ‡§ğŸ‡«,Burkina Faso,burkina-faso-capability-ratings
BGD,east-asia-pacific,southeast-asia,,ğŸ‡§ğŸ‡©,Bangladesh,bangladesh-capability-ratings
BGR,east-asia-pacific,southeast-asia,,ğŸ‡§ğŸ‡¬,Bulgaria,bulgaria-capability-ratings
BHR,east-asia-pacific,southeast-asia,,ğŸ‡§ğŸ‡­,Bahrain,bahrain-capability-ratings
BHS,east-asia-pacific,southeast-asia,,ğŸ‡§ğŸ‡¸,Bahamas,bahamas-capability-ratings
BIH,east-asia-pacific,southeast-asia,,ğŸ‡§ğŸ‡¦,Bosnia and Herzegovina,bosnia-and-herzegovina-capability-ratings
BLM,east-asia-pacific,southeast-asia,,ğŸ‡§ğŸ‡±,Saint BarthÃ©lemy,saint-barthÃ©lemy-capability-ratings
BLR,east-asia-pacific,southeast-asia,,ğŸ‡§ğŸ‡¾,Belarus,belarus-capability-ratings
BLZ,east-asia-pacific,southeast-asia,,ğŸ‡§ğŸ‡¿,Belize,belize-capability-ratings
BMU,east-asia-pacific,southeast-asia,,ğŸ‡§ğŸ‡²,Bermuda,bermuda-capability-ratings
BOL,east-asia-pacific,southeast-asia,,ğŸ‡§ğŸ‡´,"Bolivia, Plurinational State of",bolivia-plurinational-state-of-capability-ratings
BRA,east-asia-pacific,southeast-asia,,ğŸ‡§ğŸ‡·,Brazil,brazil-capability-ratings
BRB,east-asia-pacific,southeast-asia,,ğŸ‡§ğŸ‡§,Barbados,barbados-capability-ratings
BRN,east-asia-pacific,southeast-asia,,ğŸ‡§ğŸ‡³,Brunei Darussalam,brunei-darussalam-capability-ratings
BTN,east-asia-pacific,southeast-asia,,ğŸ‡§ğŸ‡¹,Bhutan,bhutan-capability-ratings
BVT,east-asia-pacific,southeast-asia,,ğŸ‡§ğŸ‡»,Bouvet Island,bouvet-island-capability-ratings
BWA,east-asia-pacific,southeast-asia,,ğŸ‡§ğŸ‡¼,Botswana,botswana-capability-ratings
CAF,east-asia-pacific,southeast-asia,,ğŸ‡¨ğŸ‡«,Central African Republic,central-african-republic-capability-ratings
CAN,east-asia-pacific,southeast-asia,,ğŸ‡¨ğŸ‡¦,Canada,canada-capability-ratings
CCK,east-asia-pacific,southeast-asia,,ğŸ‡¨ğŸ‡¨,Cocos (Keeling) Islands,cocos-keeling-islands-capability-ratings
CHE,east-asia-pacific,southeast-asia,,ğŸ‡¨ğŸ‡­,Switzerland,switzerland-capability-ratings
CHL,east-asia-pacific,southeast-asia,,ğŸ‡¨ğŸ‡±,Chile,chile-capability-ratings
CHN,east-asia-pacific,southeast-asia,,ğŸ‡¨ğŸ‡³,China,china-capability-ratings
CIV,east-asia-pacific,southeast-asia,,ğŸ‡¨ğŸ‡®,CÃ´te d'Ivoire,cÃ´te-divoire-capability-ratings
CMR,east-asia-pacific,southeast-asia,,ğŸ‡¨ğŸ‡²,Cameroon,cameroon-capability-ratings
COD,east-asia-pacific,southeast-asia,,ğŸ‡¨ğŸ‡©,"Congo, The Democratic Republic of the",congo-the-democratic-republic-of-the-capability-ratings
COG,east-asia-pacific,southeast-asia,,ğŸ‡¨ğŸ‡¬,Congo,congo-capability-ratings
COK,east-asia-pacific,southeast-asia,,ğŸ‡¨ğŸ‡°,Cook Islands,cook-islands-capability-ratings
COL,east-asia-pacific,southeast-asia,,ğŸ‡¨ğŸ‡´,Colombia,colombia-capability-ratings
COM,east-asia-pacific,southeast-asia,,ğŸ‡°ğŸ‡²,Comoros,comoros-capability-ratings
CPV,east-asia-pacific,southeast-asia,,ğŸ‡¨ğŸ‡»,Cabo Verde,cabo-verde-capability-ratings
CRI,east-asia-pacific,southeast-asia,,ğŸ‡¨ğŸ‡·,Costa Rica,costa-rica-capability-ratings
CUB,east-asia-pacific,southeast-asia,,ğŸ‡¨ğŸ‡º,Cuba,cuba-capability-ratings
CUW,east-asia-pacific,southeast-asia,,ğŸ‡¨ğŸ‡¼,CuraÃ§ao,curaÃ§ao-capability-ratings
CXR,east-asia-pacific,southeast-asia,,ğŸ‡¨ğŸ‡½,Christmas Island,christmas-island-capability-ratings
CYM,east-asia-pacific,southeast-asia,,ğŸ‡°ğŸ‡¾,Cayman Islands,cayman-islands-capability-ratings
CYP,east-asia-pacific,southeast-asia,,ğŸ‡¨ğŸ‡¾,Cyprus,cyprus-capability-ratings
CZE,east-asia-pacific,southeast-asia,,ğŸ‡¨ğŸ‡¿,Czechia,czechia-capability-ratings
DEU,east-asia-pacific,southeast-asia,,ğŸ‡©ğŸ‡ª,Germany,germany-capability-ratings
DJI,east-asia-pacific,southeast-asia,,ğŸ‡©ğŸ‡¯,Djibouti,djibouti-capability-ratings
DMA,east-asia-pacific,southeast-asia,,ğŸ‡©ğŸ‡²,Dominica,dominica-capability-ratings
DNK,east-asia-pacific,southeast-asia,,ğŸ‡©ğŸ‡°,Denmark,denmark-capability-ratings
DOM,east-asia-pacific,southeast-asia,,ğŸ‡©ğŸ‡´,Dominican Republic,dominican-republic-capability-ratings
DZA,east-asia-pacific,southeast-asia,,ğŸ‡©ğŸ‡¿,Algeria,algeria-capability-ratings
ECU,east-asia-pacific,southeast-asia,,ğŸ‡ªğŸ‡¨,Ecuador,ecuador-capability-ratings
EGY,east-asia-pacific,southeast-asia,,ğŸ‡ªğŸ‡¬,Egypt,egypt-capability-ratings
ERI,east-asia-pacific,southeast-asia,,ğŸ‡ªğŸ‡·,Eritrea,eritrea-capability-ratings
ESH,east-asia-pacific,southeast-asia,,ğŸ‡ªğŸ‡­,Western Sahara,western-sahara-capability-ratings
ESP,east-asia-pacific,southeast-asia,,ğŸ‡ªğŸ‡¸,Spain,spain-capability-ratings
EST,east-asia-pacific,southeast-asia,,ğŸ‡ªğŸ‡ª,Estonia,estonia-capability-ratings
ETH,east-asia-pacific,southeast-asia,,ğŸ‡ªğŸ‡¹,Ethiopia,ethiopia-capability-ratings
FIN,east-asia-pacific,southeast-asia,,ğŸ‡«ğŸ‡®,Finland,finland-capability-ratings
FJI,east-asia-pacific,southeast-asia,,ğŸ‡«ğŸ‡¯,Fiji,fiji-capability-ratings
FLK,east-asia-pacific,southeast-asia,,ğŸ‡«ğŸ‡°,Falkland Islands (Malvinas),falkland-islands-malvinas-capability-ratings
FRA,east-asia-pacific,southeast-asia,g20,ğŸ‡«ğŸ‡·,France,france-capability-ratings
FRO,east-asia-pacific,southeast-asia,,ğŸ‡«ğŸ‡´,Faroe Islands,faroe-islands-capability-ratings
FSM,east-asia-pacific,southeast-asia,,ğŸ‡«ğŸ‡²,"Micronesia, Federated States of",micronesia-federated-states-of-capability-ratings
GAB,east-asia-pacific,southeast-asia,,ğŸ‡¬ğŸ‡¦,Gabon,gabon-capability-ratings
GBR,east-asia-pacific,southeast-asia,g20,ğŸ‡¬ğŸ‡§,United Kingdom,united-kingdom-capability-ratings
GEO,east-asia-pacific,southeast-asia,,ğŸ‡¬ğŸ‡ª,Georgia,georgia-capability-ratings
GGY,east-asia-pacific,southeast-asia,,ğŸ‡¬ğŸ‡¬,Guernsey,guernsey-capability-ratings
GHA,east-asia-pacific,southeast-asia,,ğŸ‡¬ğŸ‡­,Ghana,ghana-capability-ratings
GIB,east-asia-pacific,southeast-asia,,ğŸ‡¬ğŸ‡®,Gibraltar,gibraltar-capability-ratings
GIN,east-asia-pacific,southeast-asia,,ğŸ‡¬ğŸ‡³,Guinea,guinea-capability-ratings
GLP,east-asia-pacific,southeast-asia,,ğŸ‡¬ğŸ‡µ,Guadeloupe,guadeloupe-capability-ratings
GMB,east-asia-pacific,southeast-asia,,ğŸ‡¬ğŸ‡²,Gambia,gambia-capability-ratings
GNB,east-asia-pacific,southeast-asia,,ğŸ‡¬ğŸ‡¼,Guinea-Bissau,guinea-bissau-capability-ratings
GNQ,east-asia-pacific,southeast-asia,,ğŸ‡¬ğŸ‡¶,Equatorial Guinea,equatorial-guinea-capability-ratings
GRC,east-asia-pacific,southeast-asia,,ğŸ‡¬ğŸ‡·,Greece,greece-capability-ratings
GRD,east-asia-pacific,southeast-asia,,ğŸ‡¬ğŸ‡©,Grenada,grenada-capability-ratings
GRL,east-asia-pacific,southeast-asia,,ğŸ‡¬ğŸ‡±,Greenland,greenland-capability-ratings
GTM,east-asia-pacific,southeast-asia,,ğŸ‡¬ğŸ‡¹,Guatemala,guatemala-capability-ratings
GUF,east-asia-pacific,southeast-asia,,ğŸ‡¬ğŸ‡«,French Guiana,french-guiana-capability-ratings
GUM,east-asia-pacific,southeast-asia,,ğŸ‡¬ğŸ‡º,Guam,guam-capability-ratings
GUY,east-asia-pacific,southeast-asia,,ğŸ‡¬ğŸ‡¾,Guyana,guyana-capability-ratings
HKG,east-asia-pacific,southeast-asia,,ğŸ‡­ğŸ‡°,Hong Kong,hong-kong-capability-ratings
HMD,east-asia-pacific,southeast-asia,,ğŸ‡­ğŸ‡²,Heard Island and McDonald Islands,heard-island-and-mcdonald-islands-capability-ratings
HND,east-asia-pacific,southeast-asia,,ğŸ‡­ğŸ‡³,Honduras,honduras-capability-ratings
HRV,east-asia-pacific,southeast-asia,,ğŸ‡­ğŸ‡·,Croatia,croatia-capability-ratings
HTI,east-asia-pacific,southeast-asia,,ğŸ‡­ğŸ‡¹,Haiti,haiti-capability-ratings
HUN,east-asia-pacific,southeast-asia,,ğŸ‡­ğŸ‡º,Hungary,hungary-capability-ratings
IDN,east-asia-pacific,southeast-asia,,ğŸ‡®ğŸ‡©,Indonesia,indonesia-capability-ratings
IMN,east-asia-pacific,southeast-asia,,ğŸ‡®ğŸ‡²,Isle of Man,isle-of-man-capability-ratings
IND,east-asia-pacific,southeast-asia,,ğŸ‡®ğŸ‡³,India,india-capability-ratings
IOT,east-asia-pacific,southeast-asia,,ğŸ‡®ğŸ‡´,British Indian Ocean Territory,british-indian-ocean-territory-capability-ratings
IRL,east-asia-pacific,southeast-asia,,ğŸ‡®ğŸ‡ª,Ireland,ireland-capability-ratings
IRN,east-asia-pacific,southeast-asia,,ğŸ‡®ğŸ‡·,"Iran, Islamic Republic of",iran-islamic-republic-of-capability-ratings
IRQ,east-asia-pacific,southeast-asia,,ğŸ‡®ğŸ‡¶,Iraq,iraq-capability-ratings
ISL,east-asia-pacific,southeast-asia,,ğŸ‡®ğŸ‡¸,Iceland,iceland-capability-ratings
ISR,east-asia-pacific,southeast-asia,,ğŸ‡®ğŸ‡±,Israel,israel-capability-ratings
ITA,east-asia-pacific,southeast-asia,,ğŸ‡®ğŸ‡¹,Italy,italy-capability-ratings
JAM,east-asia-pacific,southeast-asia,,ğŸ‡¯ğŸ‡²,Jamaica,jamaica-capability-ratings
JEY,east-asia-pacific,southeast-asia,,ğŸ‡¯ğŸ‡ª,Jersey,jersey-capability-ratings
JOR,east-asia-pacific,southeast-asia,,ğŸ‡¯ğŸ‡´,Jordan,jordan-capability-ratings
JPN,east-asia-pacific,southeast-asia,,ğŸ‡¯ğŸ‡µ,Japan,japan-capability-ratings
KAZ,east-asia-pacific,southeast-asia,,ğŸ‡°ğŸ‡¿,Kazakhstan,kazakhstan-capability-ratings
KEN,east-asia-pacific,southeast-asia,,ğŸ‡°ğŸ‡ª,Kenya,kenya-capability-ratings
KGZ,east-asia-pacific,southeast-asia,,ğŸ‡°ğŸ‡¬,Kyrgyzstan,kyrgyzstan-capability-ratings
KHM,east-asia-pacific,southeast-asia,,ğŸ‡°ğŸ‡­,Cambodia,cambodia-capability-ratings
KIR,east-asia-pacific,southeast-asia,,ğŸ‡°ğŸ‡®,Kiribati,kiribati-capability-ratings
KNA,east-asia-pacific,southeast-asia,,ğŸ‡°ğŸ‡³,Saint Kitts and Nevis,saint-kitts-and-nevis-capability-ratings
KOR,east-asia-pacific,southeast-asia,,ğŸ‡°ğŸ‡·,"Korea, Republic of",korea-republic-of-capability-ratings
KWT,east-asia-pacific,southeast-asia,,ğŸ‡°ğŸ‡¼,Kuwait,kuwait-capability-ratings
LAO,east-asia-pacific,southeast-asia,,ğŸ‡±ğŸ‡¦,Lao People's Democratic Republic,lao-peoples-democratic-republic-capability-ratings
LBN,east-asia-pacific,southeast-asia,,ğŸ‡±ğŸ‡§,Lebanon,lebanon-capability-ratings
LBR,east-asia-pacific,southeast-asia,,ğŸ‡±ğŸ‡·,Liberia,liberia-capability-ratings
LBY,east-asia-pacific,southeast-asia,,ğŸ‡±ğŸ‡¾,Libya,libya-capability-ratings
LCA,east-asia-pacific,southeast-asia,,ğŸ‡±ğŸ‡¨,Saint Lucia,saint-lucia-capability-ratings
LIE,east-asia-pacific,southeast-asia,,ğŸ‡±ğŸ‡®,Liechtenstein,liechtenstein-capability-ratings
LKA,east-asia-pacific,southeast-asia,,ğŸ‡±ğŸ‡°,Sri Lanka,sri-lanka-capability-ratings
LSO,east-asia-pacific,southeast-asia,,ğŸ‡±ğŸ‡¸,Lesotho,lesotho-capability-ratings
LTU,east-asia-pacific,southeast-asia,,ğŸ‡±ğŸ‡¹,Lithuania,lithuania-capability-ratings
LUX,east-asia-pacific,southeast-asia,,ğŸ‡±ğŸ‡º,Luxembourg,luxembourg-capability-ratings
LVA,east-asia-pacific,southeast-asia,,ğŸ‡±ğŸ‡»,Latvia,latvia-capability-ratings
MAC,east-asia-pacific,southeast-asia,,ğŸ‡²ğŸ‡´,Macao,macao-capability-ratings
MAF,east-asia-pacific,southeast-asia,,ğŸ‡²ğŸ‡«,Saint Martin (French part),saint-martin-french-part-capability-ratings
MAR,east-asia-pacific,southeast-asia,,ğŸ‡²ğŸ‡¦,Morocco,morocco-capability-ratings
MCO,east-asia-pacific,southeast-asia,,ğŸ‡²ğŸ‡¨,Monaco,monaco-capability-ratings
MDA,east-asia-pacific,southeast-asia,,ğŸ‡²ğŸ‡©,"Moldova, Republic of",moldova-republic-of-capability-ratings
MDG,east-asia-pacific,southeast-asia,,ğŸ‡²ğŸ‡¬,Madagascar,madagascar-capability-ratings
MDV,east-asia-pacific,southeast-asia,,ğŸ‡²ğŸ‡»,Maldives,maldives-capability-ratings
MEX,east-asia-pacific,southeast-asia,,ğŸ‡²ğŸ‡½,Mexico,mexico-capability-ratings
MHL,east-asia-pacific,southeast-asia,,ğŸ‡²ğŸ‡­,Marshall Islands,marshall-islands-capability-ratings
MKD,east-asia-pacific,southeast-asia,,ğŸ‡²ğŸ‡°,North Macedonia,north-macedonia-capability-ratings
MLI,east-asia-pacific,southeast-asia,,ğŸ‡²ğŸ‡±,Mali,mali-capability-ratings
MLT,east-asia-pacific,southeast-asia,,ğŸ‡²ğŸ‡¹,Malta,malta-capability-ratings
MMR,east-asia-pacific,southeast-asia,,ğŸ‡²ğŸ‡²,Myanmar,myanmar-capability-ratings
MNE,east-asia-pacific,southeast-asia,,ğŸ‡²ğŸ‡ª,Montenegro,montenegro-capability-ratings
MNG,east-asia-pacific,southeast-asia,,ğŸ‡²ğŸ‡³,Mongolia,mongolia-capability-ratings
MNP,east-asia-pacific,southeast-asia,,ğŸ‡²ğŸ‡µ,Northern Mariana Islands,northern-mariana-islands-capability-ratings
MOZ,east-asia-pacific,southeast-asia,,ğŸ‡²ğŸ‡¿,Mozambique,mozambique-capability-ratings
MRT,east-asia-pacific,southeast-asia,,ğŸ‡²ğŸ‡·,Mauritania,mauritania-capability-ratings
MSR,east-asia-pacific,southeast-asia,,ğŸ‡²ğŸ‡¸,Montserrat,montserrat-capability-ratings
MTQ,east-asia-pacific,southeast-asia,,ğŸ‡²ğŸ‡¶,Martinique,martinique-capability-ratings
MUS,east-asia-pacific,southeast-asia,,ğŸ‡²ğŸ‡º,Mauritius,mauritius-capability-ratings
MWI,east-asia-pacific,southeast-asia,,ğŸ‡²ğŸ‡¼,Malawi,malawi-capability-ratings
MYS,east-asia-pacific,southeast-asia,,ğŸ‡²ğŸ‡¾,Malaysia,malaysia-capability-ratings
MYT,east-asia-pacific,southeast-asia,,ğŸ‡¾ğŸ‡¹,Mayotte,mayotte-capability-ratings
NAM,east-asia-pacific,southeast-asia,,ğŸ‡³ğŸ‡¦,Namibia,namibia-capability-ratings
NCL,east-asia-pacific,southeast-asia,,ğŸ‡³ğŸ‡¨,New Caledonia,new-caledonia-capability-ratings
NER,east-asia-pacific,southeast-asia,,ğŸ‡³ğŸ‡ª,Niger,niger-capability-ratings
NFK,east-asia-pacific,southeast-asia,,ğŸ‡³ğŸ‡«,Norfolk Island,norfolk-island-capability-ratings
NGA,east-asia-pacific,southeast-asia,,ğŸ‡³ğŸ‡¬,Nigeria,nigeria-capability-ratings
NIC,east-asia-pacific,southeast-asia,,ğŸ‡³ğŸ‡®,Nicaragua,nicaragua-capability-ratings
NIU,east-asia-pacific,southeast-asia,,ğŸ‡³ğŸ‡º,Niue,niue-capability-ratings
NLD,east-asia-pacific,southeast-asia,,ğŸ‡³ğŸ‡±,Netherlands,netherlands-capability-ratings
NOR,east-asia-pacific,southeast-asia,,ğŸ‡³ğŸ‡´,Norway,norway-capability-ratings
NPL,east-asia-pacific,southeast-asia,,ğŸ‡³ğŸ‡µ,Nepal,nepal-capability-ratings
NRU,east-asia-pacific,southeast-asia,,ğŸ‡³ğŸ‡·,Nauru,nauru-capability-ratings
NZL,east-asia-pacific,southeast-asia,,ğŸ‡³ğŸ‡¿,New Zealand,new-zealand-capability-ratings
OMN,east-asia-pacific,southeast-asia,,ğŸ‡´ğŸ‡²,Oman,oman-capability-ratings
PAK,east-asia-pacific,southeast-asia,,ğŸ‡µğŸ‡°,Pakistan,pakistan-capability-ratings
PAN,east-asia-pacific,southeast-asia,,ğŸ‡µğŸ‡¦,Panama,panama-capability-ratings
PCN,east-asia-pacific,southeast-asia,,ğŸ‡µğŸ‡³,Pitcairn,pitcairn-capability-ratings
PER,east-asia-pacific,southeast-asia,,ğŸ‡µğŸ‡ª,Peru,peru-capability-ratings
PHL,east-asia-pacific,southeast-asia,,ğŸ‡µğŸ‡­,Philippines,philippines-capability-ratings
PLW,east-asia-pacific,southeast-asia,,ğŸ‡µğŸ‡¼,Palau,palau-capability-ratings
PNG,east-asia-pacific,southeast-asia,,ğŸ‡µğŸ‡¬,Papua New Guinea,papua-new-guinea-capability-ratings
POL,east-asia-pacific,southeast-asia,,ğŸ‡µğŸ‡±,Poland,poland-capability-ratings
PRI,east-asia-pacific,southeast-asia,,ğŸ‡µğŸ‡·,Puerto Rico,puerto-rico-capability-ratings
PRK,east-asia-pacific,southeast-asia,,ğŸ‡°ğŸ‡µ,"Korea, Democratic People's Republic of",korea-democratic-peoples-republic-of-capability-ratings
PRT,east-asia-pacific,southeast-asia,,ğŸ‡µğŸ‡¹,Portugal,portugal-capability-ratings
PRY,east-asia-pacific,southeast-asia,,ğŸ‡µğŸ‡¾,Paraguay,paraguay-capability-ratings
PSE,east-asia-pacific,southeast-asia,,ğŸ‡µğŸ‡¸,"Palestine, State of",palestine-state-of-capability-ratings
PYF,east-asia-pacific,southeast-asia,,ğŸ‡µğŸ‡«,French Polynesia,french-polynesia-capability-ratings
QAT,east-asia-pacific,southeast-asia,,ğŸ‡¶ğŸ‡¦,Qatar,qatar-capability-ratings
REU,east-asia-pacific,southeast-asia,,ğŸ‡·ğŸ‡ª,RÃ©union,rÃ©union-capability-ratings
ROU,east-asia-pacific,southeast-asia,,ğŸ‡·ğŸ‡´,Romania,romania-capability-ratings
RUS,east-asia-pacific,southeast-asia,,ğŸ‡·ğŸ‡º,Russian Federation,russian-federation-capability-ratings
RWA,east-asia-pacific,southeast-asia,,ğŸ‡·ğŸ‡¼,Rwanda,rwanda-capability-ratings
SAU,east-asia-pacific,southeast-asia,,ğŸ‡¸ğŸ‡¦,Saudi Arabia,saudi-arabia-capability-ratings
SDN,east-asia-pacific,southeast-asia,,ğŸ‡¸ğŸ‡©,Sudan,sudan-capability-ratings
SEN,east-asia-pacific,southeast-asia,,ğŸ‡¸ğŸ‡³,Senegal,senegal-capability-ratings
SGP,east-asia-pacific,southeast-asia,,ğŸ‡¸ğŸ‡¬,Singapore,singapore-capability-ratings
SGS,east-asia-pacific,southeast-asia,,ğŸ‡¬ğŸ‡¸,South Georgia and the South Sandwich Islands,south-georgia-and-the-south-sandwich-islands-capability-ratings
SHN,east-asia-pacific,southeast-asia,,ğŸ‡¸ğŸ‡­,"Saint Helena, Ascension and Tristan da Cunha",saint-helena-ascension-and-tristan-da-cunha-capability-ratings
SJM,east-asia-pacific,southeast-asia,,ğŸ‡¸ğŸ‡¯,Svalbard and Jan Mayen,svalbard-and-jan-mayen-capability-ratings
SLB,east-asia-pacific,southeast-asia,,ğŸ‡¸ğŸ‡§,Solomon Islands,solomon-islands-capability-ratings
SLE,east-asia-pacific,southeast-asia,,ğŸ‡¸ğŸ‡±,Sierra Leone,sierra-leone-capability-ratings
SLV,east-asia-pacific,southeast-asia,,ğŸ‡¸ğŸ‡»,El Salvador,el-salvador-capability-ratings
SMR,east-asia-pacific,southeast-asia,,ğŸ‡¸ğŸ‡²,San Marino,san-marino-capability-ratings
SOM,east-asia-pacific,southeast-asia,,ğŸ‡¸ğŸ‡´,Somalia,somalia-capability-ratings
SPM,east-asia-pacific,southeast-asia,,ğŸ‡µğŸ‡²,Saint Pierre and Miquelon,saint-pierre-and-miquelon-capability-ratings
SRB,east-asia-pacific,southeast-asia,,ğŸ‡·ğŸ‡¸,Serbia,serbia-capability-ratings
SSD,east-asia-pacific,southeast-asia,,ğŸ‡¸ğŸ‡¸,South Sudan,south-sudan-capability-ratings
STP,east-asia-pacific,southeast-asia,,ğŸ‡¸ğŸ‡¹,Sao Tome and Principe,sao-tome-and-principe-capability-ratings
SUR,east-asia-pacific,southeast-asia,,ğŸ‡¸ğŸ‡·,Suriname,suriname-capability-ratings
SVK,east-asia-pacific,southeast-asia,,ğŸ‡¸ğŸ‡°,Slovakia,slovakia-capability-ratings
SVN,east-asia-pacific,southeast-asia,,ğŸ‡¸ğŸ‡®,Slovenia,slovenia-capability-ratings
SWE,east-asia-pacific,southeast-asia,,ğŸ‡¸ğŸ‡ª,Sweden,sweden-capability-ratings
SWZ,east-asia-pacific,southeast-asia,,ğŸ‡¸ğŸ‡¿,Eswatini,eswatini-capability-ratings
SXM,east-asia-pacific,southeast-asia,,ğŸ‡¸ğŸ‡½,Sint Maarten (Dutch part),sint-maarten-dutch-part-capability-ratings
SYC,east-asia-pacific,southeast-asia,,ğŸ‡¸ğŸ‡¨,Seychelles,seychelles-capability-ratings
SYR,east-asia-pacific,southeast-asia,,ğŸ‡¸ğŸ‡¾,Syrian Arab Republic,syrian-arab-republic-capability-ratings
TCA,east-asia-pacific,southeast-asia,,ğŸ‡¹ğŸ‡¨,Turks and Caicos Islands,turks-and-caicos-islands-capability-ratings
TCD,east-asia-pacific,southeast-asia,,ğŸ‡¹ğŸ‡©,Chad,chad-capability-ratings
TGO,east-asia-pacific,southeast-asia,,ğŸ‡¹ğŸ‡¬,Togo,togo-capability-ratings
THA,east-asia-pacific,southeast-asia,,ğŸ‡¹ğŸ‡­,Thailand,thailand-capability-ratings
TJK,east-asia-pacific,southeast-asia,,ğŸ‡¹ğŸ‡¯,Tajikistan,tajikistan-capability-ratings
TKL,east-asia-pacific,southeast-asia,,ğŸ‡¹ğŸ‡°,Tokelau,tokelau-capability-ratings
TKM,east-asia-pacific,southeast-asia,,ğŸ‡¹ğŸ‡²,Turkmenistan,turkmenistan-capability-ratings
TLS,east-asia-pacific,southeast-asia,,ğŸ‡¹ğŸ‡±,Timor-Leste,timor-leste-capability-ratings
TON,east-asia-pacific,southeast-asia,,ğŸ‡¹ğŸ‡´,Tonga,tonga-capability-ratings
TTO,east-asia-pacific,southeast-asia,,ğŸ‡¹ğŸ‡¹,Trinidad and Tobago,trinidad-and-tobago-capability-ratings
TUN,east-asia-pacific,southeast-asia,,ğŸ‡¹ğŸ‡³,Tunisia,tunisia-capability-ratings
TUR,east-asia-pacific,southeast-asia,,ğŸ‡¹ğŸ‡·,Turkey,turkey-capability-ratings
TUV,east-asia-pacific,southeast-asia,,ğŸ‡¹ğŸ‡»,Tuvalu,tuvalu-capability-ratings
TWN,east-asia-pacific,southeast-asia,,ğŸ‡¹ğŸ‡¼,"Taiwan, Province of China",taiwan-province-of-china-capability-ratings
TZA,east-asia-pacific,southeast-asia,,ğŸ‡¹ğŸ‡¿,"Tanzania, United Republic of",tanzania-united-republic-of-capability-ratings
UGA,east-asia-pacific,southeast-asia,,ğŸ‡ºğŸ‡¬,Uganda,uganda-capability-ratings
UKR,east-asia-pacific,southeast-asia,,ğŸ‡ºğŸ‡¦,Ukraine,ukraine-capability-ratings
UMI,east-asia-pacific,southeast-asia,,ğŸ‡ºğŸ‡²,United States Minor Outlying Islands,united-states-minor-outlying-islands-capability-ratings
URY,east-asia-pacific,southeast-asia,,ğŸ‡ºğŸ‡¾,Uruguay,uruguay-capability-ratings
USA,east-asia-pacific,southeast-asia,g20,ğŸ‡ºğŸ‡¸,United States,united-states-capability-ratings
UZB,east-asia-pacific,southeast-asia,,ğŸ‡ºğŸ‡¿,Uzbekistan,uzbekistan-capability-ratings
VAT,east-asia-pacific,southeast-asia,,ğŸ‡»ğŸ‡¦,Holy See (Vatican City State),holy-see-vatican-city-state-capability-ratings
VCT,east-asia-pacific,southeast-asia,,ğŸ‡»ğŸ‡¨,Saint Vincent and the Grenadines,saint-vincent-and-the-grenadines-capability-ratings
VEN,east-asia-pacific,southeast-asia,,ğŸ‡»ğŸ‡ª,"Venezuela, Bolivarian Republic of",venezuela-bolivarian-republic-of-capability-ratings
VGB,east-asia-pacific,southeast-asia,,ğŸ‡»ğŸ‡¬,"Virgin Islands, British",virgin-islands-british-capability-ratings
VIR,east-asia-pacific,southeast-asia,,ğŸ‡»ğŸ‡®,"Virgin Islands, U.S.",virgin-islands-us-capability-ratings
VNM,east-asia-pacific,southeast-asia,,ğŸ‡»ğŸ‡³,Viet Nam,viet-nam-capability-ratings
VUT,east-asia-pacific,southeast-asia,,ğŸ‡»ğŸ‡º,Vanuatu,vanuatu-capability-ratings
WLF,east-asia-pacific,southeast-asia,,ğŸ‡¼ğŸ‡«,Wallis and Futuna,wallis-and-futuna-capability-ratings
WSM,east-asia-pacific,southeast-asia,,ğŸ‡¼ğŸ‡¸,Samoa,samoa-capability-ratings
YEM,east-asia-pacific,southeast-asia,,ğŸ‡¾ğŸ‡ª,Yemen,yemen-capability-ratings
ZAF,east-asia-pacific,southeast-asia,,ğŸ‡¿ğŸ‡¦,South Africa,south-africa-capability-ratings
ZMB,east-asia-pacific,southeast-asia,,ğŸ‡¿ğŸ‡²,Zambia,zambia-capability-ratings
ZWE,east-asia-pacific,southeast-asia,,ğŸ‡¿ğŸ‡¼,Zimbabwe,zimbabwe-capability-ratings